{
    "prophet": {
        "val": {
            "rmse": 108.16432063653342,
            "mae": 69.794802670504,
            "mape": 0.07989729333527822
        },
        "test": {
            "rmse": 141.33440431382198,
            "mae": 106.59864479950848,
            "mape": 0.07208514329922272
        },
        "direction_metrics": {
            "direction_accuracy": 0.5188284518828452,
            "up_accuracy": 0.5544554455445545,
            "down_accuracy": 0.49635036496350365,
            "max_trend_streak": 10,
            "avg_trend_period": 1.9152542372881356,
            "trend_periods": [
                3,
                1,
                3,
                2,
                1,
                1,
                2,
                1,
                1,
                3,
                1,
                1,
                1,
                1,
                2,
                2,
                2,
                1,
                2,
                2,
                5,
                1,
                6,
                2,
                3,
                6,
                3,
                1,
                1,
                2,
                1,
                1,
                6,
                1,
                2,
                2,
                1,
                3,
                2,
                1,
                1,
                1,
                3,
                4,
                4,
                1,
                1,
                2,
                2,
                1,
                1,
                1,
                1,
                1,
                2,
                1,
                1,
                1,
                1
            ]
        }
    },
    "arima": {
        "val": {
            "rmse": 244.34912385486587,
            "mae": 204.7494530350592,
            "mape": 0.13768512596768787
        },
        "test": {
            "rmse": 244.34912385486587,
            "mae": 204.7494530350592,
            "mape": 0.13768512596768787
        },
        "direction_metrics": {
            "direction_accuracy": 0.4560669456066946,
            "up_accuracy": 0.6435643564356436,
            "down_accuracy": 0.32116788321167883,
            "max_trend_streak": 8,
            "avg_trend_period": 1.9152542372881356,
            "trend_periods": [
                3,
                1,
                3,
                2,
                1,
                1,
                2,
                1,
                1,
                3,
                1,
                1,
                1,
                1,
                2,
                2,
                2,
                1,
                2,
                2,
                5,
                1,
                6,
                2,
                3,
                6,
                3,
                1,
                1,
                2,
                1,
                1,
                6,
                1,
                2,
                2,
                1,
                3,
                2,
                1,
                1,
                1,
                3,
                4,
                4,
                1,
                1,
                2,
                2,
                1,
                1,
                1,
                1,
                1,
                2,
                1,
                1,
                1,
                1
            ]
        }
    },
    "rf": {
        "val": {
            "rmse": 242.9798865622087,
            "mae": 199.87020249999992,
            "mape": 0.134345934954941
        },
        "test": {
            "rmse": 242.9798865622087,
            "mae": 199.87020249999992,
            "mape": 0.134345934954941
        },
        "direction_metrics": {
            "direction_accuracy": 0.5271966527196653,
            "up_accuracy": 0.48514851485148514,
            "down_accuracy": 0.5620437956204379,
            "max_trend_streak": 7,
            "avg_trend_period": 1.9152542372881356,
            "trend_periods": [
                3,
                1,
                3,
                2,
                1,
                1,
                2,
                1,
                1,
                3,
                1,
                1,
                1,
                1,
                2,
                2,
                2,
                1,
                2,
                2,
                5,
                1,
                6,
                2,
                3,
                6,
                3,
                1,
                1,
                2,
                1,
                1,
                6,
                1,
                2,
                2,
                1,
                3,
                2,
                1,
                1,
                1,
                3,
                4,
                4,
                1,
                1,
                2,
                2,
                1,
                1,
                1,
                1,
                1,
                2,
                1,
                1,
                1,
                1
            ]
        }
    }
}