{
    "prophet": {
        "val": {
            "rmse": 108.16432063653342,
            "mae": 69.794802670504,
            "mape": 0.07989729333527822
        },
        "test": {
            "rmse": 141.33440431382198,
            "mae": 106.59864479950848,
            "mape": 0.07208514329922272
        }
    },
    "arima": {
        "val": {
            "rmse": 244.34912385486587,
            "mae": 204.7494530350592,
            "mape": 0.13768512596768787
        },
        "test": {
            "rmse": 244.34912385486587,
            "mae": 204.7494530350592,
            "mape": 0.13768512596768787
        }
    },
    "rf": {
        "val": {
            "rmse": 242.9798865622087,
            "mae": 199.87020249999992,
            "mape": 0.134345934954941
        },
        "test": {
            "rmse": 242.9798865622087,
            "mae": 199.87020249999992,
            "mape": 0.134345934954941
        }
    }
}