{
    "prophet": {
        "val": {
            "rmse": 0.2649719359612757,
            "mae": 0.16349177399569076,
            "mape": 0.029256325769080424
        },
        "test": {
            "rmse": 1.0115124890599179,
            "mae": 0.9109613081182916,
            "mape": 0.1263964503382156
        },
        "direction_metrics": {
            "direction_accuracy": 0.48535564853556484,
            "up_accuracy": 0.568,
            "down_accuracy": 0.4411764705882353,
            "max_trend_streak": 7,
            "avg_trend_period": 2.2291666666666665,
            "trend_periods": [
                2,
                3,
                2,
                2,
                3,
                2,
                1,
                1,
                1,
                4,
                1,
                5,
                4,
                4,
                1,
                1,
                1,
                1,
                1,
                1,
                1,
                2,
                2,
                3,
                11,
                1,
                1,
                1,
                1,
                1,
                1,
                1,
                1,
                7,
                1,
                6,
                4,
                2,
                4,
                2,
                1,
                1,
                2,
                2,
                1,
                2,
                3,
                1
            ]
        }
    },
    "arima": {
        "val": {
            "rmse": 1.2418590810091157,
            "mae": 1.1207104884185772,
            "mape": 0.15541993897126832
        },
        "test": {
            "rmse": 1.2418590810091157,
            "mae": 1.1207104884185772,
            "mape": 0.15541993897126832
        },
        "direction_metrics": {
            "direction_accuracy": 0.4309623430962343,
            "up_accuracy": 0.528,
            "down_accuracy": 0.3627450980392157,
            "max_trend_streak": 6,
            "avg_trend_period": 2.2291666666666665,
            "trend_periods": [
                2,
                3,
                2,
                2,
                3,
                2,
                1,
                1,
                1,
                4,
                1,
                5,
                4,
                4,
                1,
                1,
                1,
                1,
                1,
                1,
                1,
                2,
                2,
                3,
                11,
                1,
                1,
                1,
                1,
                1,
                1,
                1,
                1,
                7,
                1,
                6,
                4,
                2,
                4,
                2,
                1,
                1,
                2,
                2,
                1,
                2,
                3,
                1
            ]
        }
    },
    "rf": {
        "val": {
            "rmse": 1.4832720339253358,
            "mae": 1.4406579166666669,
            "mape": 0.20502331634187068
        },
        "test": {
            "rmse": 1.4832720339253358,
            "mae": 1.4406579166666669,
            "mape": 0.20502331634187068
        },
        "direction_metrics": {
            "direction_accuracy": 0.5230125523012552,
            "up_accuracy": 0.608,
            "down_accuracy": 0.4803921568627451,
            "max_trend_streak": 7,
            "avg_trend_period": 2.2291666666666665,
            "trend_periods": [
                2,
                3,
                2,
                2,
                3,
                2,
                1,
                1,
                1,
                4,
                1,
                5,
                4,
                4,
                1,
                1,
                1,
                1,
                1,
                1,
                1,
                2,
                2,
                3,
                11,
                1,
                1,
                1,
                1,
                1,
                1,
                1,
                1,
                7,
                1,
                6,
                4,
                2,
                4,
                2,
                1,
                1,
                2,
                2,
                1,
                2,
                3,
                1
            ]
        }
    }
}